,fr,hr,fl,hl
0,3.345111297343632,8.463038026799847,5.570968976691869,5.7487336019315585
1,3.8541466017888952,7.141218758792002,5.629143214934627,5.67808656785426
2,4.221772975476603,6.041017448593883,5.566331928340613,5.555666384664944
3,4.09656872676753,6.552742346011879,7.153767500073455,5.30500618264048
4,4.503644623155356,6.303303958832249,6.569284853877003,5.4490033832572315
5,4.380959089418136,6.570512114748295,6.693718773910599,5.321737771753858
6,4.26531011647679,6.708816810432126,6.598357706423126,5.437364791084807
7,3.9341243150395506,6.65395421318938,6.643377303458027,5.0679772159515135
8,4.040144391265807,6.718063124469474,6.62162602504254,4.998060630491253
9,3.946239689533746,6.6224076818454645,6.632608734960092,4.99224145277066
10,4.038183238634977,6.807778941769371,6.654824081599135,5.0252378473761095
11,3.9822498051892223,8.217118803770894,5.923890771412324,4.948387217643856
12,4.437864839331752,8.117731795861147,5.960370403035601,4.8452772139395766
13,4.3244361313099535,8.131113961625003,5.961772388144595,4.821723344595114
14,4.40277948900772,8.173866556919192,5.8957670874862895,4.941112719428546
15,4.336956188849896,8.014457912707943,5.775737913829978,4.8741722123554485
16,4.3974212008057965,7.4450037196092556,5.811964375926781,4.9408530217852125
17,4.337458896048702,7.544463797811353,5.809882844002351,4.854100283086817
18,4.405294040795125,7.531871895441352,5.752741692617969,5.050693673287595
19,4.2910125025179635,6.9463299469508275,6.580844146788959,5.318682163351324
20,4.170091260193766,6.8282567655559046,6.9206551728994405,5.34681592726608
21,4.514263549631975,6.898014273321323,6.783080148989182,5.353245914433545
22,3.6892379264532362,6.848374970215775,6.880037037305337,5.405376365780985
23,3.7096943358778556,6.884674702754643,6.805157271223374,5.4831860317136805
24,3.712201327007505,6.859885670350061,6.860183806229557,5.423679639588175
25,3.6956119347319154,6.871987203109305,6.735291236475626,5.4772269623856875
26,3.9573315555267525,6.878761170979933,6.7884810682168375,5.424586468888399
27,3.880642283590336,6.825800534690176,6.749761067735152,5.485891841690922
28,3.6094902640239157,8.283254158764354,6.7714111525534,5.545440618416534
29,3.6070924551263257,8.379788930364526,6.761650058219347,5.56583571311746
30,3.6032574123688224,8.328607913398454,6.763626250777038,5.539669147730583
31,3.6139584877277002,8.355701404869347,6.776906813317623,5.567354176579743
32,3.599530784827409,8.355240764430619,6.743060705549214,5.539059036833722
33,3.6157006775259317,8.303269574171564,6.215481356185631,5.568168797009583
34,3.5919751743178434,8.611088905144639,6.29358925050403,5.536502132638879
35,3.8017691335733375,9.169984860943062,6.20563307896348,5.5793000863306315
36,4.027667699848901,8.55353468877773,6.454974710846358,5.473757282626867
37,3.897689458346486,8.54133089095566,6.458452995807102,5.79801160978678
38,4.006217475380476,8.498753026730299,6.427800659736789,5.732622444106386
39,3.898246757423423,8.550825364544291,6.486217110569765,5.792076890947204
40,4.034534120651284,8.491178489360454,6.386551117462306,5.711093469299205
41,3.577722700870763,8.588218347495975,6.6051492001149406,5.767853528769696
42,3.4577863486771294,8.798952208385483,6.877907271353147,5.733788360997112
43,3.5794336890421974,8.59099171632992,6.768442876200549,5.795446078779291
44,3.7472933344654193,8.42136450734152,6.508675114934002,5.743355485395357
45,3.596688238233596,8.502847145194753,6.45707207736185,5.649080459032266
46,3.6680979979323087,8.439358868434205,6.525903380192197,5.236118241861963
47,3.6192059253542395,8.496341124148366,6.522739846770017,5.344696045269272
48,3.65314246369387,8.44008873137251,6.492823418331543,5.275121596712447
49,3.6314233151072015,8.506757163494584,6.547240045440978,5.3406806687331665
50,3.641783966690361,8.765993523353984,6.468462547552555,5.27360135480355
51,3.6438534785623116,8.773824011118261,6.591839204665355,5.376068538264752
52,3.622084432048351,8.754632497191608,6.5876446949398275,5.5368745527576095
53,3.7803390733633404,8.777908001902636,6.723931441923966,5.6683559549303775
54,3.7893469607853945,8.751012377710726,6.676192137135644,5.575217363514394
55,3.78317537285689,8.784539855293172,6.44978445440968,5.641293595836011
56,3.780950930142183,8.73075100251708,6.394224966556791,5.503165203360238
57,3.809518093318405,9.20682757774361,6.5255751133020485,5.460649958437978
58,3.3354597240157604,9.242381396141692,6.451603931139365,5.353818039797334
59,3.2287126509744937,9.240684699033963,6.502538475616079,5.399549584943344
60,3.2169392344476275,9.357945788252586,5.585546823408287,5.40880730799884
61,3.1865858913216685,9.325704454187733,5.7181844384464195,5.725703879384726
62,3.2120186159149817,9.350572278555184,5.496741106883033,5.665451986144763
63,3.2425240015742194,9.327547859039775,5.597219144964132,5.449148045602793
64,3.3800314148712785,9.35089339273371,5.511071430121886,5.507696948421729
65,3.3584327268587826,9.32479664137322,5.584481262071109,5.5399424356002385
66,3.4070404053673498,9.371658425110299,5.531844336747018,5.699888222703258
67,3.400018590070676,8.944318349627121,5.378949047076503,5.608679882734516
68,3.311790675500653,8.968102329829884,5.269866044514619,5.668033526277339
69,3.339337462614551,8.945021109244685,5.402550591938596,5.630196366974364
70,3.31028765585617,8.969008492147761,5.580451786800982,5.656846078601188
71,3.343030804983517,8.943751711018322,5.609726074951739,6.410002037860325
72,3.302449656913576,8.97071184006703,5.559783593421268,6.414479858992488
73,3.311906182057853,8.940932963840636,5.637186589038123,6.459156442657143
74,3.133716154869037,8.97785294232986,5.265778824350466,6.593208755476276
75,2.9414398128756574,8.859731651148763,5.162063624620465,6.5531960586575115
76,3.0070517605470295,8.858567097147219,5.396224557031296,6.30939267407108
77,3.496329629175235,8.848912011614429,5.776085592029285,6.259134856641355
78,3.530474733897784,8.860719130789407,5.935318205474813,6.283248274959189
79,3.501317203767498,8.849168747772234,5.758178604807235,6.273357679610854
80,3.526145038603682,8.85878077331983,5.953453556766249,6.271017513163774
81,3.5055054116910114,8.853528839705799,5.739535433771081,6.287421755575641
82,3.5217767353375153,8.847601122245095,5.973227669964743,6.249193728417147
83,3.5103172671180425,8.926640816926668,5.717214245025126,6.3389193684874545
84,3.4925424845869752,9.038092336443784,6.00178105970326,5.853623823925629
85,2.8788092945095642,9.167728883278903,5.13346336945291,5.668561406620195
86,3.2560014087118954,9.078385286995573,5.602935905947314,5.5903965670712505
87,3.530480470528455,9.163686720439959,5.573158288824199,5.5635140600126665
88,3.4722202957716517,9.146067171162818,5.753385979203003,5.659658867145412
89,3.331293448483382,9.167935768094477,5.2656001422728105,5.703917673457415
90,3.037878925367197,9.15262521380285,5.173312675678415,5.6036122706595055
91,2.9890454609675494,9.165824372585275,5.138203638736348,5.703702956966511
92,3.0252856022116275,9.144041503221677,5.157532003958396,5.744738659422388
93,3.011219568332919,8.78040374184804,5.147096604937225,5.785004132642932
94,3.011236474606706,8.570239114981185,5.154706370165224,5.724888073482547
95,3.2015898454865566,8.745050879165438,4.994457762790707,5.7911612698672865
96,3.1670157958459493,8.559681750725227,4.950271228094598,5.720332724581151
97,3.4238760055830912,8.776544055622605,5.006459484789052,5.799463810585957
98,3.412373378230378,8.486577779299202,5.0538211442884,5.693751133204264
99,3.6242861480306683,8.674220310769538,5.49010878745951,5.845955907794904
100,3.61916685223524,8.365988628942056,5.457141996894777,5.894166362175179
101,3.6300788133403517,7.899040800099822,5.513050159049936,6.334433157560001
102,3.786551023654254,7.958762418938258,5.551140261476315,6.429049967129371
103,3.7306857281538495,7.991326630163488,5.527194475895238,6.354810710144277
104,3.80597444776822,8.437510211444383,5.5391664804672,6.414186662539241
105,3.6842434917821025,8.444070943070155,6.193378515147945,6.368862263200629
106,3.6744205129759235,8.342666713819675,5.516657372663981,5.716059457520525
107,3.6930451473300003,8.198690658274085,5.4617145354673635,5.626650878786875
108,3.5419643502560314,8.573627608778285,5.4758240043403,5.659502971643067
109,3.5990573195516533,8.387892135083812,5.3985477462765195,5.620072060585095
110,3.523755042837296,8.454200832508242,5.465655172073055,5.670424184857243
111,3.6230973320006834,8.508156908800535,5.499281751303643,5.603858364019535
112,3.629832521568042,8.25483536192477,5.452568561572921,5.697451572391794
113,3.6248485777813233,9.135067921006376,5.5346451932194505,5.54428881387514
114,4.078203061546088,9.137260986839504,6.089078848735278,6.018666858682565
115,4.064112280116209,9.148600854729619,6.59465111325833,6.1341957080001706
116,4.102433675584632,9.12019391915453,5.898347667229588,5.9059794321811285
117,4.07340700683911,8.471309609538755,5.800951769892613,5.910342891638182
118,4.114554012962502,8.671960573434058,6.2954352469326675,5.906934794404874
119,4.04737165893674,8.4414078884725,6.429621921144607,5.914632789132533
120,4.117077446488546,8.603666549425693,6.180356237013477,5.895516475078338
121,3.7878121020908657,8.834449313129527,5.589428615205718,5.94079861027599
122,3.9209040945661733,8.68162436068998,5.9932780826237675,5.821781627037112
123,3.8362122832149366,8.791739869078008,5.709810586037334,6.158836553953781
124,3.8866333485321523,8.690279292030743,5.907100918483047,6.090421024247736
125,3.8331065552646235,8.799217640063656,5.744800309647399,6.021553410607565
126,3.872486003415286,8.666437909613819,5.857318718714298,6.066568636216998
127,3.8221544411489363,8.859315695002127,5.677184304600798,6.026300489015175
128,3.8656920902755996,8.365771408107094,5.777279786957806,6.064635346616493
129,3.8181435448261105,8.255543427957921,5.692388802694096,6.0278652512395166
130,3.778277105575903,7.980517541837475,5.854383687407236,6.601122065572586
131,3.75786933769284,7.935221177231723,5.792249747588182,6.823696638555338
132,3.783552155261078,7.993392647616468,5.888317878875516,6.776424228651862
133,3.760975847057387,8.083026412678521,5.9200724647029785,6.814919190667219
134,3.7299306291523884,8.006649122360207,5.8970176195785715,6.786578939632444
135,3.7258955922204113,8.121886763002113,5.885612669064235,6.592507340591252
136,3.8623619915016,7.912619108326688,5.873394854905278,6.315416581513045
137,3.88991162288599,8.622952020667995,6.093685942940498,6.385427563070092
138,3.7736088187386887,9.06009460092742,5.773941329892905,5.96973780498111
139,3.644556130820977,8.916388272595169,6.253384148339284,6.239475359044625
140,3.453131371628902,8.976593498003687,5.989098326080484,6.182639267409103
141,3.470441311254489,8.979185576890815,6.147398622868083,6.193377759396048
142,3.280970055549688,9.142903000742233,5.781617241257381,6.214823748832783
143,3.1995169373443098,9.12514362635365,5.856531144653123,6.146673014444853
144,3.3539812940734173,9.34130533697811,5.811787095674713,6.0646224691661725
145,3.26952829501893,9.155958620463165,5.836111901571549,6.558843904487642
146,3.4120809891187722,9.18506476998148,5.689498636118177,6.085721694983451
147,3.5901575729765414,9.183245103242585,5.467936966898612,5.9801529192085
148,3.53217705104524,9.17694805264143,5.610700050069251,5.988802364627296
149,3.572821929902574,9.180427467003298,5.496286427444204,5.99061693839364
150,3.3580908741079227,9.192425509060676,5.003782132075452,5.943997908015933
151,3.172763187736031,9.133156606275271,4.698915559939566,6.213428145031145
152,3.200840191735807,9.9018586647333,5.141246439568962,6.150340675713403
153,2.911181089311161,10.006043972469367,5.117329754282497,5.46053323773911
154,3.0872109563755146,9.972604587666128,5.140385382505713,5.570842613487488
155,2.9226109904388355,9.960585323907708,5.126828833424614,5.558813127133046
156,3.1001011040270487,10.023430558964321,5.123795402278672,5.56296097493156
157,2.881978829729503,9.889000078628143,5.152324591350427,5.582951418285328
158,3.212739186925993,10.144714488992566,5.083855592508378,5.546842938919905
159,2.4944482667253083,9.617519712032337,5.631903442787138,5.562438108898304
160,2.6280851823351696,11.54190018297098,6.425529215100783,5.519112669369497
161,2.2398361969965426,12.124406054911535,6.795344291465014,4.964739237601636
162,1.65683769914873,11.979059876029169,7.616784982900178,4.859580777293535
163,1.330787588443008,12.099539540157611,7.382110589289971,4.511146537807277
164,1.521152129168124,11.98940103115775,7.5955500980541695,4.617640504593346
165,1.3268757714867045,12.09776090226599,7.393584209160185,4.572264517499961
166,1.4626139243607923,11.976744509974814,7.593957279060589,4.577351762820294
167,1.3386979704868038,11.429133388190248,7.403150174000338,4.600964906919769
168,1.4258429794325944,11.295066771814001,7.776371404095425,4.556453552916125
169,1.3770362081986838,10.546520366696413,7.844555395131673,3.4014621771111475
170,1.306891184080383,10.504869231334917,7.898464700586313,3.257903384462235
171,1.557146804814214,10.588009645027388,7.814956316658579,3.4051954095438655
172,1.3400216436529244,10.500441991501795,7.919081268791324,2.5356658405566526
173,1.328795305411083,10.584435718305642,7.782134201336788,2.3637141482805264
174,1.1386896975072782,10.50632637585355,8.400818616860649,2.6675150744923473
175,1.1044507334888605,10.893598415507437,9.26945481147166,2.4127259579950273
176,1.155334082153221,10.657252243181322,9.227397717124928,2.6277386182956857
177,1.045263225059672,10.787034823176414,9.133361652874292,2.4179185699180077
178,0.8358646661761426,10.852710433860896,9.516538398233273,2.641985916498199
179,0.8473208636702376,10.818673645885458,9.025162728439815,2.640760436266694
180,0.6877304126734283,10.92795703493312,9.74307862832156,2.9175075877344585
181,0.7552610888981712,10.85990819509432,9.664322341259272,2.5897501021786784
182,0.8105312564709334,10.922434629652221,9.68274904416581,2.387150669218703
183,0.7798737245727638,10.855253470971226,10.271209988853261,2.0722911623198073
184,0.6857309576831612,10.942626553793673,10.63849743117464,2.035249938789975
185,0.6623239660926209,11.224802596932303,10.514792684950688,2.014622355370265
186,0.6837441465027839,11.253676451893936,10.573339813301086,2.043371246743756
187,0.6597488591954215,11.201327917260489,10.522920251075133,2.0096441424546327
188,0.6869946143466119,11.270603252570016,10.581614295601446,2.0523770665085213
189,0.6214719601863335,12.460201734064057,10.901137569930844,1.7550119886865452
190,0.7172839266703375,12.497546695940358,11.279476946171602,1.7911847190618042
191,0.644341315989087,12.414924087509844,11.604655346369096,1.7552444359220476
192,0.6669909694436786,13.11549756476927,12.076517818976455,1.007482561935071
193,0.6259491898956642,13.050097699099716,12.031234137560824,1.0040540350932317
194,0.6682868635591657,13.112517949958734,12.099450374130925,1.015279737941145
195,0.6262276224322136,13.046250171811316,12.01728586987436,1.0008220488406765
196,0.6694301970421854,13.119937495009186,12.110478221747552,1.019856624747695
197,0.6276595769195021,13.031678966717902,12.001032763871073,0.9906365650187203
198,0.6717116167928052,13.161340024560609,12.120612696982423,0.955633637140561
199,0.4553648220677362,12.471128552155912,11.974835056818343,0.6716310592166033
200,0.46096822099466384,12.374041547374574,12.216774574603402,0.7290000961092669
201,0.45540297413894815,12.414895508368911,12.072826194772345,0.6756148176435817
202,0.46008336146759954,12.377399482831253,12.240410512448733,0.7218321580857572
203,0.4553491355854672,12.446926808886724,11.968223390324841,0.6825073345116327
204,0.4593603410368311,12.194669342980422,12.086038015280002,0.7251247678143772
205,0.4548901297634601,11.652036598460551,14.240477921250104,0.6943263851101626
206,0.4587597847131639,12.33865409924678,13.536333949895889,0.6657624904163326
207,0.43441542121703614,11.604040890775739,14.72261390646937,0.6061581148813513
208,0.4717351494676767,12.08205719246057,13.30031027266476,0.6540160596160258
209,0.49900240344696684,12.081380447438136,13.323401979460805,0.614833214366171
210,0.4875311394934634,12.064496876688237,13.321272287482113,0.6520284964433107
211,0.49600473026899633,12.008516798278233,13.288863353411678,0.6205668385274532
212,0.48941854869452583,12.192707778557386,13.715960585475191,0.5381660574632998
213,0.4954025740955399,11.46854653345654,13.760804151328802,0.43627685179569614
214,0.48357627719704777,10.50686767785533,13.83335947001014,0.38729563402737366
215,0.4909518061861847,10.605622139113517,14.03957774663353,0.42489280217237624
216,0.4907030258516823,10.661850014552769,13.930892416013398,0.38512771149907365
217,0.4950598132699944,10.500726893901376,12.089117489497712,0.5489834733104519
218,0.4893225070814688,10.800063990033845,12.077950170895818,0.5218953994281753
219,0.4979129243176616,10.081877555459632,12.040094986806213,0.5425478410993689
220,0.48938655518956886,8.841727115308306,12.345544867673993,0.564108256260395
221,0.494942980761644,8.851142495675766,11.924555565288696,0.6591414513197454
222,0.48936114596298164,8.838257627733508,12.694968831710234,0.5622247965742793
223,0.5563676615719687,8.85469886038368,12.547455543263673,0.5515977517079589
224,0.526936791115943,8.830738295749544,12.748696875106946,0.5502851432159572
225,0.5416168330275166,8.576715556771848,12.555834710004323,0.5492530216511518
226,0.5322226724679373,8.58539698871078,12.752244374824244,0.565180537276939
227,0.5403280321654755,8.714494836836382,12.535296732197668,0.5470873512518861
228,0.5303693416144334,8.715078586345632,12.858356848320422,0.5429142892445235
229,0.5473812637440704,8.6747169300039,12.923497338606147,0.5446664240259531
230,0.5002308516965838,8.732627029779268,13.212345654510116,0.5017211263180457
231,0.5770141615107085,8.75767346649079,13.060869479000658,0.5697361938441756
232,0.5300845564783953,8.720694853834571,13.2194027671503,0.49866952121364627
233,0.552878156038114,8.75879761076929,13.053342928495763,0.6030205800818857
234,0.5409302396858817,8.71716916837519,13.225180675478928,0.5632026179844432
235,0.5449252612454527,8.714666650132848,13.051165665076923,0.6064658344140295
236,0.5488986111831433,8.749237655998865,12.012492501730453,0.5408925977246901
237,0.4802342735912718,7.924874861558667,12.082929452867145,0.6577704040692386
238,0.5733873854496235,7.432869390133305,10.945824502060066,0.5738417305661336
239,0.4425771087402532,7.256842303410711,11.252527589558955,0.5088468507432259
240,0.45508145288813495,6.56185765386709,11.439929545673785,0.40818596105962573
241,0.4556222161949219,6.6166921007876045,11.493430706738042,0.43493906809498983
242,0.45522942418672246,6.588486925820576,11.046274641191829,0.4133463400543401
243,0.4609141562056505,6.585057819026712,11.176984001252777,0.42954636075317476
244,0.5298466103356061,6.648254751731554,10.636979257791385,0.4188983808170842
245,0.5316643655817759,6.168683920824019,10.495960877915618,0.4239199038366935
246,0.5280660555078176,5.951522692723091,11.090338165320997,0.42448733741588257
247,0.5320678729303616,6.053012380669093,12.09335879552492,0.418545633966998
248,0.5281127746795746,5.990917501612447,11.965214419903138,0.3963733625987803
249,0.5316414991573665,6.027123595213279,12.093449640721305,0.3917499408431597
250,0.5294110761936516,6.014985690385553,11.990269408359115,0.42638203034902233
251,0.5141169478028704,5.997414432303865,12.095230059231598,0.2909223952297577
252,0.5067983202408012,6.066168344991464,11.391451129156358,0.2991518736390413
253,0.5120814565487514,5.71388328337353,12.697420898478534,0.4288697224491955
254,0.5078696726920356,4.495728562079553,12.354807570151358,0.4693314485206853
255,0.5214101800647994,5.041027785904071,13.052216055017364,0.54708285066842
256,0.5092442671995756,4.610902042123992,11.277024043372421,0.5683217009724577
257,0.5093619378663476,5.007630814121974,12.058948472241422,0.5730544765820661
258,0.514451828203919,4.60144764065244,12.065104206595993,0.5663229098468712
259,0.5060713117920533,5.077808393216474,11.763677397949929,0.5635172728857991
260,0.4808272722336731,4.248722703018641,12.43403059479362,0.4846222598176018
261,0.5044875809575332,3.420661340776344,11.101169005785948,0.44945950615697483
262,0.481873819186029,3.0350469436393266,11.608940174568762,0.46835867490661365
263,0.5040793705047836,3.3934248149240194,11.235399380989644,0.4446424744473345
264,0.481202637262646,3.1257929310247263,11.522141815809764,0.4687231703939425
265,0.5073539380586682,3.3401181887703304,11.306434896795706,0.44492015208840197
266,0.4666811804003579,3.0481313175285365,11.457965358108787,0.4647985955443924
267,0.4587683245952769,2.791389643347916,11.695244261241763,0.42506809221111697
268,0.4568252552227986,2.8341172138429624,11.113706045553036,0.4240005313740498
269,0.45619212741777115,2.0976847999959474,11.113757704321849,0.40799878149127555
270,0.4569349435336682,2.045061560984012,11.068360177215762,0.44942628060324863
271,0.4588985973086913,2.0814007358667173,10.971363313505131,0.4092048627767926
272,0.4569266306461947,2.0545727986839952,10.779566425254512,0.4406991584928076
273,0.46037488765651097,2.0736986143268177,10.973505101935922,0.4276750049824514
274,0.45652679956304487,2.062445339773875,10.698862634355756,0.310374274568316
275,0.47376580910270827,2.0627157762031714,11.416273964400204,0.2776437941425892
276,0.5500697098721515,1.5023897804336606,11.000722874994254,0.2193298944848004
277,0.5487348910218186,0.6851370740618925,11.75236764969966,0.30454860843025217
278,0.5613330775622267,0.638242067421952,11.89898607218014,0.31728832104522087
279,0.5497399168193595,0.6673111366857329,11.885286285248744,0.31103813418123494
280,0.5602410681484984,0.6403540652753306,11.909925538589123,0.31260547740992506
281,0.5474099083673001,0.6633577331430798,11.87614117323388,0.3167619303288703
282,0.5599560547734937,0.6429835589700104,12.558585615619341,0.3027653439117351
283,0.539807284645897,0.6615460598910148,12.203188001549856,0.3424647318202998
284,0.5632324614438269,0.6459119981536965,12.231231978588642,0.23330976320601227
285,0.5578170574775825,0.6605389293134766,12.19883905738974,0.2400361002157037
286,0.5500816631990982,0.64906957441055,13.027710259194144,0.23598613158477952
287,0.5385367400027556,0.659934260868059,12.91825170335034,0.2368535472379112
288,0.5531197102002932,0.65264142599859,13.023033270071519,0.24017366529050496
289,0.5316037283890391,0.6595514803708054,12.929590019481072,0.23397872615771947
290,0.5612774032110441,0.6575247816259545,12.902008463700412,0.25745197902032146
291,0.4915470555219402,0.6592883779945792,11.165644895531237,0.40788792913626226
292,0.4863433799996832,0.6685125914045155,10.657291203882039,0.3999773551431862
293,0.452902374316553,0.680319164977549,10.71595825143583,0.5098933223494186
294,0.461587826306709,0.8820060673030887,10.6378202844516,0.4541701973608179
295,0.45294787298627837,0.9631013920728384,10.641272003186034,0.5117452148365245
296,0.45964042128178684,0.92878058846808,10.639867030463247,0.4319262575010415
297,0.4529400540475582,0.9479770453255956,10.609753878067288,0.5064418351015831
298,0.4584177830704924,0.9376336161362722,10.673283320362941,0.4442775947568959
299,0.4535337683939545,0.7030394834055111,10.990114781937212,0.5549277026198636
300,0.5627183863216625,0.6542675513915863,10.96095735061632,0.3950355547830583
301,0.5548437726243676,0.6605951364731919,10.806839366817801,0.455421600964672
302,0.5522184642657948,0.6553955383134682,10.984239822285833,0.3810333509036282
303,0.5496252071504917,0.6596168016205648,10.747972953551617,0.4572988059155538
304,0.5973371307336439,0.5390229267888591,11.084602994317857,0.4110762556575332
305,0.5841525194586874,0.5609076572190059,10.453691376145034,0.4675358929168063
306,0.5993592553095067,0.5403113246162485,12.085469150996849,0.32526418982422356
307,0.5734875151744868,0.5515158821006425,11.931642708018636,0.25786069310047477
308,0.5573130817585381,0.534895345922797,12.126321906596615,0.29239628678839236
309,0.5416297750115516,0.53127518273902,12.095723115631607,0.2528402140888968
310,0.5749137058114588,0.5552338397538952,12.036034375306512,0.2901147617178872
311,0.6000443877168631,0.6498047131860594,12.149844277481112,0.4186030624658733
312,0.5873456884613804,0.656388954423614,11.990205924774955,0.4011551909352005
313,0.6097820602667873,0.7138548536018832,12.277671911068477,0.407952555083134
314,0.5641771013882446,0.6898024135988294,11.836338132460487,0.4062555064109733
315,0.6111656307534923,0.7001380637809587,12.68081540556716,0.5170508499220194
316,0.7337913215905054,0.7444797819592384,12.914082889087855,0.46183187566788475
317,0.7247286451605979,0.7040641114512505,13.135496653383354,0.46955900296695574
318,0.7337341834321933,0.7444139135530987,13.046614495814218,0.4727241267027824
319,0.7245881949461876,0.6619349759295337,13.088743230377748,0.5117995380089966
320,0.7343505449696344,0.7461419418996483,13.077712674319972,0.5281347147352089
321,0.655776681322674,0.6864824307051567,13.056176677000142,0.5422139762722025
322,0.6573342354230025,0.7469891789655838,13.134860191938824,0.5910387058339756
323,0.6930844368153545,0.6660485200488919,12.806904229670877,0.5820854770776356
324,0.685902955750187,0.6578882345610895,12.008443004541324,0.5986604219115574
325,0.6922237043063175,0.597399909755128,12.182548558976634,0.5882738684017237
326,0.5700133222399884,0.6505348863668086,12.078292432794026,0.6060806814640334
327,0.5758551250744165,0.6066514205508506,12.167408916500412,0.5911381220522541
328,0.5714516407158996,0.6374642060679283,12.072527513883914,0.6133841377075209
329,0.5668617014340064,0.5838014292718847,12.189701821986255,0.518258957038602
330,0.5558412636568058,0.4911473871892965,12.026439127659874,0.5571474754089252
331,0.5642133544780636,0.5332476128644258,12.520610581859213,0.3954727502519393
332,0.5869851369043365,0.5086019225335485,12.491479759091895,0.4182508003551033
333,0.563876386930769,0.5277981268011711,12.204722454510115,0.3900854438625112
334,0.5773428720585836,0.5182667789681892,12.337597394147426,0.41926445282459945
335,0.584928749036329,0.5269284970164927,12.273017986568991,0.3858490891546517
336,0.5773643501687752,0.5260443658650527,12.287509788096663,0.4202443653578153
337,0.5912653850248599,0.5281979165494395,12.316515172508975,0.38275886375395946
338,0.5781763936571125,0.541615151761065,12.170484671898045,0.328657004888805
339,0.5834707525904997,0.5570349635886696,11.824362000742497,0.38085092273257404
340,0.5785111525062155,0.549557016360575,12.143834893271048,0.3965538513574545
341,0.5835369671244605,0.5446912846591039,11.977179459164654,0.38017082857768486
342,0.5778194262688425,0.5473533904966117,12.076970430399225,0.4084717955190654
343,0.5853898855338666,0.5456236013752793,12.013971185684833,0.38078227665902165
344,0.5730800681734479,0.5566522666856503,12.054247385539606,0.4174440803363783
345,0.6042326386355203,0.5760028076828977,12.263044501586787,0.4005508700899201
346,0.655815198039646,0.5469944633844479,12.518619652801668,0.5467933150375477
347,0.7444147126804537,0.5291319727192325,12.181791005392824,0.49579885316728756
348,0.7136085972881707,0.541141388842715,12.279606559902916,0.5754646458115753
349,0.713767669784458,0.5314935971557653,11.902723153229847,0.5125188569110011
350,0.734218631571771,0.5439020502060008,10.815238168414002,0.5723436375650415
351,0.7458235640297382,0.519076471693382,10.91296402796528,0.6085450565191697
352,0.7296666202116773,0.5850577119222704,10.782794591688397,0.6145952211539759
353,0.7193740959161763,0.5873129150440455,10.907324874923312,0.5153529808371327
354,0.6685004610384568,0.7537949715469205,10.782160302883254,0.5128378656995787
355,0.5726260160749299,0.7859485546803685,10.919552291055219,0.5016356766989415
356,0.6053746549197663,0.7427003208261407,10.744345963674618,0.5128871075216939
357,0.5788052854426666,0.801230569080436,11.069628647651214,0.508848221358949
358,0.6022616864707928,0.792216178740807,11.400758467497674,0.5097566286799922
359,0.5798284044395596,0.7730522175001739,11.726656678430817,0.4468598235073904
360,0.6014951957572535,0.7725017361008686,11.791063997629248,0.4545764626109849
361,0.5874605218665423,0.7054401416699773,12.460489281307144,0.4784904739848109
362,0.6202387360583395,0.7737577669502633,11.601457856844851,0.4835733679386689
363,0.6510498653943289,0.7005642470332387,11.486966674781918,0.5501001178445434
364,0.6512889173801619,0.6789467855169036,11.579747332296673,0.5313892367486253
365,0.6838266175961691,0.6735987983436599,11.496002225470269,0.5444293963145854
366,0.6933893615565634,0.6872760341539822,11.557628764121944,0.5320226215190282
367,0.6863201718220578,0.5834553414177635,11.498344571561628,0.5485426745895667
368,0.6877079601633118,0.5480797427799398,11.552871434200723,0.5537573754506927
369,0.719843879139267,0.53060046734,11.496700105779585,0.5793174528489322
370,0.7233901404811065,0.539862630417081,11.534405706405256,0.5537773163311321
371,0.7486496548695396,0.4519518632693853,11.478884697177875,0.5484861453253638
372,0.7186829873024521,0.472145927867316,11.16802428051005,0.5071863001562202
373,0.7370753585340873,0.47426571185006694,10.882088786350813,0.547998908778278
374,0.7193112128579217,0.4572412204167193,10.105901959459917,0.5027245347456146
375,0.7412374394244562,0.47558503895095605,10.073033605870409,0.4988842266680722
376,0.706982134106314,0.4427443167462307,10.139596492573896,0.42928924490965475
377,0.7664426271815068,0.4709364658929731,10.05753085119147,0.5027445483149995
378,0.6523178185463416,0.3678553618785179,10.154217197318424,0.4965994285076256
379,0.6515922092201645,0.4464792912444273,10.025006847290623,0.5416896579479096
380,0.6519476104360662,0.47012595997532636,10.3610393528961,0.5344627161348944
381,0.5271925376183471,0.4649436733369588,10.839639372153549,0.5629216249533098
382,0.5769876912384246,0.49067963076293,10.207691136800575,0.5298861315302303
383,0.5503580729198403,0.41712320827155097,9.549520942156235,0.5730492261927183
384,0.5663733399166071,0.7639397073720091,9.812377793906945,0.530094612934513
385,0.5567517189084322,0.9248974516768127,9.591165113313075,0.5247521285455166
386,0.5619812386688043,0.9037091822102425,9.797612409148181,0.49722048766513127
387,0.5599474298135001,0.9147790215100777,9.590167006030214,0.5279661317178953
388,0.5597297729984338,0.909371759298637,9.823348455101016,0.5000713066169471
389,0.560732318590944,0.9112274287513213,9.455556553515034,0.5287056626866654
390,0.6053875211349555,0.9114607198178439,8.916420256555625,0.50388923214913
391,0.5969863131264823,0.9041050372786028,8.96990881862488,0.5120399586044228
392,0.6108281942444829,0.693890304862212,8.716702011160145,0.5085716569493214
393,0.6075947091877258,0.7352271313720551,8.845128997048725,0.5294910639224438
394,0.614425806753913,0.7013995973591068,8.79109425883625,0.5139929020948948
395,0.6132852590650202,0.7274322885420699,8.831549849852438,0.5382433313033785
396,0.6127032642604131,0.7170452973227648,8.770907974022315,0.5200075617380765
397,0.6131984895259501,0.5565774883733612,8.9395452356407,0.5408201532651058
398,0.6214834002038867,0.6373835573393234,9.463813502018795,0.5264543673715918
399,0.6295392239315738,0.5791771469783956,9.46197781429905,0.5343633370528764
400,0.6226668618536236,0.5569180577984443,9.466162741873498,0.41846176192408724
401,0.6279710981788243,0.5171576767535102,9.616684531353474,0.4140585208819768
402,0.6247155480664902,0.5537806555442475,9.293075373460088,0.4456918559371249
403,0.6233525928255934,0.5189615211640779,9.54736711498061,0.4451442103963222
404,0.6071853103756892,0.5246000429583129,9.329209662229504,0.516939233707706
405,0.6181492234146467,0.5046232664026623,9.774168772144607,0.4931379016474431
406,0.6087672441996428,0.5217708290882084,9.747354149275289,0.5100564541450101
407,0.617317706067841,0.4873159057524777,9.720071394534127,0.43113280490236705
408,0.6093363417090077,0.5167815759191585,9.89864657486018,0.43430562089037367
409,0.6168592711653889,0.514807244121156,10.579318248672173,0.4246057587978269
410,0.6097457124632284,0.502784626499656,10.39321117626998,0.49367247744299175
411,0.616470053291638,0.5266697251455246,10.510193140337083,0.4750200498174708
412,0.6101294384660657,0.4755108289712986,10.424028547602763,0.4950893267668066
413,0.6160842128984578,0.5356067577980117,10.491035875244346,0.402737621915339
414,0.6105211628021225,0.5371379398266278,10.438224585032144,0.39342301912556193
415,0.6156850778748868,0.5349174967155463,10.479075748840067,0.3893981597155613
416,0.6026680944108977,0.5379438120926107,10.449833794740147,0.3990372085474041
417,0.6140007489056539,0.5340872360383866,10.464348213176773,0.3833419528153379
418,0.6113467817969118,0.5387356526010478,10.498314763614811,0.4325947662482763
419,0.6034934747479227,0.5333771732377202,10.556168833149332,0.38276266737115305
420,0.6117711095548513,0.5393346488890136,10.529205417692552,0.5075034408688454
421,0.5870950011201828,0.5329075986094405,10.543919444096467,0.4952536200073021
422,0.6121921584013665,0.5396654047322844,10.53893979300154,0.5614512003012629
423,0.6399641426337852,0.532717453002229,10.533205671847547,0.49649504780686243
424,0.6126006288659904,0.5397197539480787,10.55818278351586,0.5674602297011042
425,0.7289583580611504,0.5327882621790876,10.264280638103346,0.4989031572304263
426,0.7296310669038638,0.539539635862591,10.303655017219466,0.5688998597240574
427,0.9031417915929596,0.5330570630526505,9.363083153955335,0.5024736361842115
428,0.9012901806616727,0.5392073689027628,9.371726570826226,0.5677478255673201
429,0.9076782791919429,0.5334227656534831,9.316866290141032,0.5072085375905365
430,0.9098106969296649,0.5388440325401167,10.110814906033777,0.5556440680879879
431,0.9094900749970616,0.4608250980748498,10.099605095565913,0.4341299413319092
432,0.9084156197072085,0.47841185764776517,10.116434986424615,0.45957776992789634
433,0.9106720995035316,0.533766794731819,10.259539001220359,0.43895400988308764
434,0.9073126183468228,0.5389268257908132,10.586396237687367,0.3760901930837497
435,0.9118294275547525,0.5328769462244617,10.550329222334696,0.37597766290553136
436,0.9058812558556282,0.5410888254581632,10.555343198366101,0.3753803827099514
437,0.9141221997598211,0.5269664343708336,10.563730665094809,0.37651301819275573
438,0.8374905276863207,0.5878789821229888,10.54576547253586,0.37486603477805935
439,0.7285529459994654,0.6041547108124312,10.488966121993332,0.3771078214602198
440,0.7302673674536049,0.6078682805386396,10.534823134466475,0.3740965796538253
441,0.7286700136876607,0.5376401892786056,10.509536156464595,0.3781717374462278
442,0.7297272446552825,0.5457778098175448,10.144092310381684,0.37254622752749195
443,0.7288019776332222,0.537272387256587,10.292295750313006,0.39404515379542815
444,0.7295917968330408,0.5469326770376858,10.04224335370648,0.36961199626052654
445,0.7289383747830962,0.5348355663429114,10.590807019138111,0.4009004272674437
446,0.6746673876173483,0.5525835439597048,10.845474956992504,0.4484707668061445
447,0.6657405961076742,0.5679259724636786,10.324535302438399,0.47095581975846434
448,0.6716709195780672,0.619686740806287,9.153640504541258,0.43683373388799096
449,0.6670661939636509,0.6307283313417791,9.044137804837826,0.43907884358585647
